"language"," filename"," LOC"
"java","src/se311/state/Error.java"," 29"
"java","src/se311/state/GetFirstOp.java"," 33"
"java","src/se311/state/Calculate.java"," 35"
"java","src/se311/composite/AtomExpr.java"," 23"
"java","src/se311/visitor/Visitor.java"," 9"
"java","src/se311/state/CalMulDiv.java"," 42"
"java","src/se311/mvc/Controller.java"," 20"
"java","src/se311/composite/MulDivOp.java"," 51"
"java","src/se311/client/Connection.java"," 36"
"java","src/se311/composite/Expression.java"," 13"
"java","src/se311/mvc/View.java"," 60"
"java","src/se311/dialog/ErrorDialog.java"," 18"
"java","src/se311/state/State.java"," 5"
"java","src/se311/state/Start.java"," 21"
"java","src/se311/composite/AddSubExpr.java"," 42"
"java","src/se311/visitor/Compute.java"," 59"
"java","src/se311/state/WaitMulDiv.java"," 33"
"java","src/se311/visitor/Print.java"," 38"
"java","src/se311/Driver.java"," 11"
"java","src/se311/state/WaitAddSub.java"," 27"
"java","src/se311/composite/MulDivExpr.java"," 49"
"java","src/se311/state/GetAddSub.java"," 33"
"java","src/se311/mvc/Model.java"," 68"
